music-fma-0026,blues,,,,Y,Cullah,
music-fma-0097,pop,electronica,,,Y,Quiet_Music_for_Tiny_Robots,
music-fma-0099,pop,electronica,,,Y,Quiet_Music_for_Tiny_Robots,
music-fma-0098,pop,electronica,,,N,Quiet_Music_for_Tiny_Robots,
music-fma-0100,pop,electronica,,,N,Quiet_Music_for_Tiny_Robots,
music-fma-0062,hiphop,rap,,,Y,J_Mano,
music-fma-0064,hiphop,rap,,,Y,J_Mano,
music-fma-0066,hiphop,rap,,,Y,J_Mano,
music-fma-0063,hiphop,rap,,,Y,J_Mano,
music-fma-0065,hiphop,rap,,,Y,J_Mano,
music-fma-0092,hiphop,,,,Y,Cullah,
music-fma-0093,hiphop,,,,Y,Cullah,
music-fma-0094,hiphop,,,,Y,Cullah,
music-fma-0010,blues,,,,N,Arne_Huseby,
music-fma-0011,blues,,,,N,Arne_Huseby,
music-fma-0118,jazz,blues,,,N,US_Army_Blues,
music-fma-0121,jazz,blues,,,N,US_Army_Blues,
music-fma-0124,jazz,blues,,,N,US_Army_Blues,
music-fma-0119,jazz,blues,,,N,US_Army_Blues,
music-fma-0122,jazz,blues,,,N,US_Army_Blues,
music-fma-0120,jazz,blues,,,N,US_Army_Blues,
music-fma-0123,jazz,blues,,,N,US_Army_Blues,
music-fma-0048,indierock,folk,pop,,N,Jahzzar,
music-fma-0052,indierock,folk,pop,,N,Jahzzar,
music-fma-0056,indierock,folk,pop,,N,Jahzzar,
music-fma-0049,indierock,folk,pop,,N,Jahzzar,
music-fma-0053,pop,experimental,,,N,Jahzzar,
music-fma-0057,indierock,folk,pop,,N,Jahzzar,
music-fma-0050,pop,experimental,,,N,Jahzzar,
music-fma-0054,blues,,,,N,Jahzzar,
music-fma-0051,folk,pop,,,N,Jahzzar,
music-fma-0055,indierock,folk,pop,,N,Jahzzar,
music-fma-0088,blues,rock,indierock,,Y,Lorenzo,
music-fma-0090,blues,rock,indierock,,Y,Lorenzo,
music-fma-0089,blues,rock,indierock,,Y,Lorenzo,
music-fma-0091,blues,rock,indierock,,Y,Lorenzo,
music-fma-0058,country,folk,,,N,Jason,
music-fma-0059,country,folk,,,N,Jason,
music-fma-0060,country,folk,,,N,Jason,
music-fma-0061,country,folk,,,N,Jason,
music-fma-0000,electronica,,,,N,Airglow,
music-fma-0002,electronica,,,,N,Airglow,
music-fma-0004,electronica,,,,N,Airglow,
music-fma-0001,electronica,,,,N,Airglow,
music-fma-0003,electronica,,,,N,Airglow,
music-fma-0005,electronica,,,,N,Airglow,
music-fma-0067,pop,folk,,,Y,Josh_Woodward,
music-fma-0071,pop,folk,,,Y,Josh_Woodward,
music-fma-0068,pop,folk,,,Y,Josh_Woodward,
music-fma-0072,pop,folk,,,N,Josh_Woodward,
music-fma-0069,pop,folk,,,Y,Josh_Woodward,
music-fma-0073,pop,folk,,,Y,Josh_Woodward,
music-fma-0070,pop,folk,,,N,Josh_Woodward,
music-fma-0104,pop,,,,Y,The_Copycuts,
music-fma-0105,pop,,,,Y,The_Copycuts,
music-fma-0106,pop,,,,Y,The_Copycuts,
music-fma-0029,pop,electronica,,,N,Fabian_Measures,
music-fma-0031,pop,electronica,,,N,Fabian_Measures,
music-fma-0033,pop,electronica,,,N,Fabian_Measures,
music-fma-0030,pop,electronica,,,N,Fabian_Measures,
music-fma-0032,pop,electronica,,,N,Fabian_Measures,
music-fma-0006,pop,,,,Y,Alecs_Band,
music-fma-0008,pop,,,,Y,Alecs_Band,
music-fma-0007,pop,,,,Y,Alecs_Band,
music-fma-0009,pop,,,,Y,Alecs_Band,
music-fma-0101,pop,electronica,,,N,Rolemusic,
music-fma-0102,pop,electronica,,,N,Rolemusic,
music-fma-0103,pop,electronica,,,N,Rolemusic,
music-fma-0095,pop,,,,Y,Morgan_Sadler,
music-fma-0096,pop,,,,Y,Morgan_Sadler,
music-fma-0021,pop,rock,dance,,Y,buenosaires,
music-fma-0023,pop,rock,dance,,Y,buenosaires,
music-fma-0025,pop,rock,dance,,Y,buenosaires,
music-fma-0022,pop,rock,dance,,Y,buenosaires,
music-fma-0024,pop,rock,dance,,Y,buenosaires,
music-fma-0017,country,,,,Y,Bryan_Mathys,
music-fma-0019,country,,,,Y,Bryan_Mathys,
music-fma-0018,country,,,,Y,Bryan_Mathys,
music-fma-0020,country,,,,Y,Bryan_Mathys,
music-fma-0074,hiphop,rap,,,Y,Kellee_Maize,
music-fma-0075,hiphop,rap,,,Y,Kellee_Maize,
music-fma-0076,hiphop,rap,,,Y,Kellee_Maize,
music-fma-0077,hiphop,rap,,,Y,Kellee_Maize,
music-fma-0078,hiphop,rap,,,Y,Kellee_Maize,
music-fma-0079,hiphop,rap,,,Y,Kellee_Maize,
music-fma-0080,hiphop,rap,,,Y,Kellee_Maize,
music-fma-0081,folk,,,,Y,Kelly_Latimore,
music-fma-0084,folk,,,,Y,Kelly_Latimore,
music-fma-0087,folk,,,,Y,Kelly_Latimore,
music-fma-0082,folk,,,,Y,Kelly_Latimore,
music-fma-0083,folk,,,,Y,Kelly_Latimore,
music-fma-0086,folk,,,,Y,Kelly_Latimore,
music-fma-0038,rock,folk,,,N,Factory_Sounds,
music-fma-0034,rock,folk,,,N,Factory_Sounds,
music-fma-0039,rock,folk,,,N,Factory_Sounds,
music-fma-0035,rock,folk,,,N,Factory_Sounds,
music-fma-0040,rock,folk,,,N,Factory_Sounds,
music-fma-0036,rock,folk,,,N,Factory_Sounds,
music-fma-0041,rock,folk,,,N,Factory_Sounds,
music-fma-0037,rock,folk,,,N,Factory_Sounds,
music-fma-0107,folk,indierock,,,Y,The_Freak,
music-fma-0110,folk,indierock,,,Y,The_Freak,
music-fma-0108,folk,indierock,,,Y,The_Freak,
music-fma-0111,folk,indierock,,,Y,The_Freak,
music-fma-0109,folk,indierock,,,Y,The_Freak,
music-fma-0042,hiphop,rap,,,Y,Hi_Rez,
music-fma-0045,hiphop,rap,,,Y,Hi_Rez,
music-fma-0043,hiphop,rap,,,Y,Hi_Rez,
music-fma-0046,hiphop,rap,,,Y,Hi_Rez,
music-fma-0044,hiphop,rap,,,Y,Hi_Rez,
music-fma-0047,hiphop,rap,,,Y,Hi_Rez,
music-fma-0112,folk,,,,Y,Three_Jolly_Rogues,
music-fma-0113,hiphop,,,,Y,Tricky_Diesel,
music-fma-0115,hiphop,,,,N,Tricky_Diesel,
music-fma-0117,hiphop,,,,N,Tricky_Diesel,
music-fma-0114,hiphop,,,,N,Tricky_Diesel,
music-fma-0116,hiphop,,,,Y,Tricky_Diesel,
music-fma-0012,hiphop,,,,Y,BrokeMC,
music-fma-0014,hiphop,,,,Y,BrokeMC,
music-fma-0016,hiphop,,,,Y,BrokeMC,
music-fma-0013,hiphop,,,,Y,BrokeMC,
music-fma-0015,hiphop,,,,Y,BrokeMC,
music-fma-wa-0003,westernart,baroque,,,N,Advent_Chamber,Albinoni
music-fma-wa-0006,westernart,baroque,,,N,Advent_Chamber,Albinoni
music-fma-wa-0009,westernart,baroque,,,N,Advent_Chamber,Albinoni
music-fma-wa-0012,westernart,baroque,,,N,Advent_Chamber,Handel
music-fma-wa-0015,westernart,romantic,,,N,Advent_Chamber,Dvorak
music-fma-wa-0004,westernart,baroque,,,N,Advent_Chamber,Bach
music-fma-wa-0008,westernart,baroque,,,N,Advent_Chamber,Couperin
music-fma-wa-0011,westernart,mondernist,,,N,Advent_Chamber,Bartok
music-fma-wa-0013,westernart,classical,,,N,Advent_Chamber,Mozart
music-fma-wa-0016,westernart,baroque,,,N,Advent_Chamber,Handel
music-fma-wa-0017,westernart,baroque,,,N,Advent_Chamber,Handel
music-fma-wa-0019,westernart,baroque,,,N,Advent_Chamber,Handel
music-fma-wa-0021,westernart,baroque,,,N,Advent_Chamber,Handel
music-fma-wa-0023,westernart,baroque,,,N,Advent_Chamber,Corelli
music-fma-wa-0005,westernart,baroque,,,N,Advent_Chamber,Corelli
music-fma-wa-0007,westernart,baroque,,,N,Advent_Chamber,Corelli
music-fma-wa-0010,westernart,baroque,,,N,Advent_Chamber,Bach
music-fma-wa-0014,westernart,baroque,,,N,Advent_Chamber,Bach
music-fma-wa-0018,westernart,baroque,,,Y,Advent_Chamber,Handel
music-fma-wa-0020,westernart,baroque,,,Y,Advent_Chamber,Handel
music-fma-wa-0022,westernart,baroque,,,Y,Advent_Chamber,Vivaldi
music-fma-wa-0024,westernart,baroque,,,Y,Advent_Chamber,Vivaldi
music-fma-wa-0025,westernart,classical,,,Y,Advent_Chamber,Mozart
music-fma-wa-0026,westernart,baroque,,,Y,Advent_Chamber,Vivaldi
music-fma-wa-0027,westernart,baroque,,,Y,Advent_Chamber,Vivaldi
music-fma-wa-0028,westernart,baroque,,,Y,Advent_Chamber,Vivaldi
music-fma-wa-0047,westernart,baroque,,,N,John_Harrison,Vivaldi
music-fma-wa-0048,westernart,baroque,,,N,John_Harrison,Vivaldi
music-fma-wa-0049,westernart,baroque,,,N,John_Harrison,Vivaldi
music-fma-wa-0050,westernart,baroque,,,N,John_Harrison,Vivaldi
music-fma-wa-0051,westernart,baroque,,,N,John_Harrison,Vivaldi
music-fma-wa-0052,westernart,baroque,,,N,John_Harrison,Vivaldi
music-fma-wa-0053,westernart,baroque,,,N,John_Harrison,Vivaldi
music-fma-wa-0054,westernart,baroque,,,N,John_Harrison,Vivaldi
music-fma-wa-0071,westernart,romantic,,,N,Skidmore,Mussorgsky
music-fma-wa-0072,westernart,romantic,,,N,Skidmore,Mussorgsky
music-fma-wa-0073,westernart,romantic,,,N,Skidmore,Mussorgsky
music-fma-wa-0074,westernart,romantic,,,N,Skidmore,Mussorgsky
music-fma-wa-0075,westernart,romantic,,,N,Skidmore,Mussorgsky
music-fma-wa-0076,westernart,romantic,,,N,Skidmore,Mussorgsky
music-fma-wa-0077,westernart,romantic,,,N,Skidmore,Mussorgsky
music-fma-wa-0078,westernart,romantic,,,N,Skidmore,Mussorgsky
music-fma-wa-0079,westernart,romantic,,,N,Skidmore,Mussorgsky
music-fma-wa-0080,westernart,romantic,,,N,Skidmore,Mussorgsky
music-fma-wa-0081,westernart,romantic,,,N,Skidmore,Mussorgsky
music-fma-wa-0082,westernart,romantic,,,N,Skidmore,Mussorgsky
music-fma-wa-0044,westernart,romantic,,,N,Weinberger,Mahler
music-fma-wa-0045,westernart,romantic,,,N,Weinberger,Debussy
music-fma-wa-0046,westernart,classical,,,N,Weinberger,Mozart
music-fma-wa-0056,westernart,romantic,,,N,Kevin_MacLeod,Saint_Saens
music-fma-wa-0063,westernart,baroque,,,N,Kevin_MacLeod,Bach
music-fma-wa-0055,westernart,romantic,,,N,Kevin_MacLeod,Saint_Saens
music-fma-wa-0064,westernart,baroque,,,N,Kevin_MacLeod,Bach
music-fma-wa-0057,westernart,baroque,,,N,Kevin_MacLeod,Pachelbel
music-fma-wa-0065,westernart,baroque,,,N,Kevin_MacLeod,Bach
music-fma-wa-0058,westernart,classical,,,N,Kevin_MacLeod,Rossini
music-fma-wa-0066,westernart,classical,,,N,Kevin_MacLeod,Beethoven
music-fma-wa-0059,westernart,romantic,,,N,Kevin_MacLeod,Holst
music-fma-wa-0067,westernart,romantic,,,N,Kevin_MacLeod,Tchaikovsky
music-fma-wa-0060,westernart,baroque,,,N,Kevin_MacLeod,Bach
music-fma-wa-0068,westernart,romantic,,,N,Kevin_MacLeod,Strauss
music-fma-wa-0061,westernart,baroque,,,N,Kevin_MacLeod,Bach
music-fma-wa-0070,westernart,romantic,,,N,Kevin_MacLeod,Wagner
music-fma-wa-0062,westernart,baroque,,,N,Kevin_MacLeod,Bach
music-fma-wa-0069,westernart,romantic,,,N,Kevin_MacLeod,Wagner
music-fma-wa-0033,westernart,classical,,,N,Daniel_Veesey,Beethoven
music-fma-wa-0035,westernart,classical,,,N,Daniel_Veesey,Beethoven
music-fma-wa-0037,westernart,classical,,,N,Daniel_Veesey,Beethoven
music-fma-wa-0039,westernart,classical,,,N,Daniel_Veesey,Beethoven
music-fma-wa-0032,westernart,classical,,,N,Daniel_Veesey,Beethoven
music-fma-wa-0034,westernart,classical,,,N,Daniel_Veesey,Beethoven
music-fma-wa-0036,westernart,classical,,,N,Daniel_Veesey,Beethoven
music-fma-wa-0038,westernart,classical,,,N,Daniel_Veesey,Beethoven
music-fma-wa-0042,westernart,classical,,,N,Daniel_Veesey,Beethoven
music-fma-wa-0041,westernart,classical,,,N,Daniel_Veesey,Beethoven
music-fma-wa-0043,westernart,romantic,classical,,N,Daniel_Veesey,Beethoven
music-fma-wa-0040,westernart,romantic,classical,,N,Daniel_Veesey,Beethoven
music-fma-wa-0002,westernart,classical,,,N,Aaron_Dunn,Clementi
music-fma-wa-0000,westernart,classical,,,N,Aaron_Dunn,Clementi
music-fma-wa-0001,westernart,classical,,,N,Aaron_Dunn,Clementi
music-fma-wa-0029,westernart,classical,,,N,Brendan_Kinsella,Mozart
music-fma-wa-0031,westernart,classical,,,N,Brendan_Kinsella,Mozart
music-fma-wa-0030,westernart,classical,,,N,Brendan_Kinsella,Mozart
music-fma-wa-0083,westernart,baroque,,,Y,Tudor_Consort,Scarlatti
music-fma-wa-0088,westernart,baroque,,,Y,Tudor_Consort,Scarlatti
music-fma-wa-0084,westernart,baroque,,,Y,Tudor_Consort,Scarlatti
music-fma-wa-0089,westernart,baroque,,,Y,Tudor_Consort,Scarlatti
music-fma-wa-0085,westernart,baroque,,,Y,Tudor_Consort,Scarlatti
music-fma-wa-0090,westernart,baroque,,,Y,Tudor_Consort,Scarlatti
music-fma-wa-0086,westernart,baroque,,,Y,Tudor_Consort,Scarlatti
music-fma-wa-0091,westernart,baroque,,,Y,Tudor_Consort,Scarlatti
music-fma-wa-0087,westernart,baroque,,,Y,Tudor_Consort,Scarlatti
music-fma-wa-0092,westernart,baroque,,,Y,Tudor_Consort,Scarlatti
music-hd-0039,westernart,romantic,,,N,Kevin_MacLoad,Erik_Satie
music-hd-0037,westernart,baroque,,,N,John_Harrison,Vivaldi
music-hd-0035,westernart,baroque,,,N,John_Harrison,Vivaldi
music-hd-0036,westernart,baroque,,,N,John_Harrison,Vivaldi
music-hd-0038,westernart,baroque,,,N,John_Harrison,Vivaldi
music-hd-0033,westernart,classical,,,N,Steven_Dunlop,Beethoven
music-hd-0059,westernart,romantic,,,N,Bernd_Krueger,Albeniz
music-hd-0060,westernart,romantic,,,N,Bernd_Krueger,Albeniz
music-hd-0061,westernart,romantic,,,N,Bernd_Krueger,Albeniz
music-hd-0055,westernart,romantic,,,N,Bernd_Krueger,Albeniz
music-hd-0056,westernart,romantic,,,N,Bernd_Krueger,Albeniz
music-hd-0057,westernart,romantic,,,N,Bernd_Krueger,Albeniz
music-hd-0058,westernart,romantic,,,N,Bernd_Krueger,Albeniz
music-hd-0062,westernart,romantic,,,N,Bernd_Krueger,Albeniz
music-hd-0063,westernart,romantic,,,N,Bernd_Krueger,Albeniz
music-hd-0064,westernart,romantic,,,N,Bernd_Krueger,Albeniz
music-hd-0003,westernart,romantic,,,N,Bernd_Krueger,Grieg
music-hd-0004,westernart,romantic,,,N,Bernd_Krueger,Grieg
music-hd-0005,westernart,romantic,,,N,Bernd_Krueger,Grieg
music-hd-0006,westernart,romantic,,,N,Bernd_Krueger,Grieg
music-hd-0007,westernart,romantic,,,N,Bernd_Krueger,Grieg
music-hd-0008,westernart,romantic,,,N,Bernd_Krueger,Grieg
music-hd-0000,westernart,classical,,,N,Bernd_Krueger,Granados
music-hd-0001,westernart,classical,,,N,Bernd_Krueger,Granados
music-hd-0002,westernart,classical,,,N,Bernd_Krueger,Granados
music-hd-0071,westernart,romantic,,,N,Bernd_Krueger,Chopin
music-hd-0072,westernart,romantic,,,N,Bernd_Krueger,Chopin
music-hd-0069,westernart,romantic,,,N,Bernd_Krueger,Chopin
music-hd-0070,westernart,romantic,,,N,Bernd_Krueger,Chopin
music-hd-0073,westernart,romantic,,,N,Bernd_Krueger,Chopin
music-hd-0074,westernart,romantic,,,N,Bernd_Krueger,Chopin
music-hd-0009,westernart,romantic,,,N,Bernd_Krueger,Liszt
music-hd-0010,westernart,romantic,,,N,Bernd_Krueger,Liszt
music-hd-0011,westernart,romantic,,,N,Bernd_Krueger,Liszt
music-hd-0012,westernart,romantic,,,N,Bernd_Krueger,Liszt
music-hd-0048,westernart,classical,,,N,MIT,Beethoven
music-hd-0049,westernart,classical,,,N,Bernd_Krueger,Beethoven
music-hd-0050,westernart,classical,,,N,Bernd_Krueger,Beethoven
music-hd-0051,westernart,classical,,,N,Bernd_Krueger,Beethoven
music-hd-0053,westernart,classical,,,N,Bernd_Krueger,Beethoven
music-hd-0054,westernart,classical,,,N,Bernd_Krueger,Beethoven
music-hd-0013,westernart,classical,,,N,Bernd_Krueger,Mozart
music-hd-0014,westernart,classical,,,N,Bernd_Krueger,Mozart
music-hd-0015,westernart,classical,,,N,Bernd_Krueger,Mozart
music-hd-0031,westernart,romantic,,,N,Bernd_Krueger,Mussorgsky
music-hd-0032,westernart,romantic,,,N,Bernd_Krueger,Mussorgsky
music-hd-0016,westernart,romantic,,,N,Bernd_Krueger,Schubert
music-hd-0065,westernart,romantic,,,N,Bernd_Krueger,Burgmuller
music-hd-0066,westernart,romantic,,,N,Bernd_Krueger,Burgmuller
music-hd-0067,westernart,romantic,,,N,Bernd_Krueger,Burgmuller
music-hd-0068,westernart,romantic,,,N,Bernd_Krueger,Burgmuller
music-hd-0018,westernart,romantic,,,N,Bernd_Krueger,Tchaikovsky
music-hd-0019,westernart,romantic,,,N,Bernd_Krueger,Tchaikovsky
music-hd-0020,westernart,romantic,,,N,Bernd_Krueger,Tchaikovsky
music-hd-0017,westernart,romantic,,,N,Bernd_Krueger,Tchaikovsky
music-hd-0021,westernart,romantic,,,N,Bernd_Krueger,Tchaikovsky
music-hd-0022,westernart,romantic,,,N,Bernd_Krueger,Tchaikovsky
music-hd-0041,westernart,baroque,,,N,Jon_Sayles,Bevin
music-hd-0044,westernart,baroque,,,N,Jon_Sayles,Philips
music-hd-0045,westernart,baroque,,,N,Jon_Sayles,Dowland
music-hd-0043,westernart,baroque,,,N,Jon_Sayles,Monteverdi
music-hd-0052,westernart,baroque,,,N,Shelley_Katz,Bach
music-hd-0047,westernart,baroque,,,N,Jon_Sayles,Bach
music-hd-0046,westernart,baroque,,,N,Jon_Sayles,Bach
music-hd-0040,westernart,baroque,,,N,Jon_Sayles,Purcell
music-hd-0042,westernart,baroque,,,N,Jon_Sayles,Purcell
music-hd-0027,westernart,romantic,,,N,Czech_Natl_Symphony,Brahms
music-hd-0028,westernart,romantic,,,N,Czech_Natl_Symphony,Brahms
music-hd-0029,westernart,romantic,,,N,Czech_Natl_Symphony,Brahms
music-hd-0030,westernart,romantic,,,N,Czech_Natl_Symphony,Brahms
music-hd-0023,westernart,romantic,,,N,Museopen,Dvorak
music-hd-0024,westernart,romantic,,,N,Museopen,Dvorak
music-hd-0025,westernart,romantic,,,N,Museopen,Dvorak
music-hd-0026,westernart,romantic,,,N,Museopen,Dvorak
music-hd-0034,westernart,classical,,,N,Museopen,Hayden
music-jamendo-0018,pop,gospel,,,Y,Angelo,
music-jamendo-0019,pop,gospel,,,Y,Angelo,
music-jamendo-0020,pop,gospel,,,Y,Angelo,
music-jamendo-0021,pop,gospel,,,Y,Angelo,
music-jamendo-0022,pop,gospel,,,Y,Angelo,
music-jamendo-0023,pop,gospel,,,Y,Angelo,
music-jamendo-0070,pop,hiphop,rock,,N,FOURTEENO,
music-jamendo-0071,pop,hiphop,rock,,N,FOURTEENO,
music-jamendo-0072,pop,hiphop,rock,,N,FOURTEENO,
music-jamendo-0101,pop,folk,,,Y,Jos_Carillo,
music-jamendo-0103,pop,folk,,,Y,Jos_Carillo,
music-jamendo-0105,pop,folk,,,Y,Jos_Carillo,
music-jamendo-0102,pop,folk,,,Y,Jos_Carillo,
music-jamendo-0104,pop,folk,,,Y,Jos_Carillo,
music-jamendo-0106,pop,folk,,,Y,Jos_Carillo,
music-jamendo-0135,pop,,,,Y,Mau,
music-jamendo-0134,pop,,,,N,Mau,
music-jamendo-0061,pop,,,,Y,Carnal,
music-jamendo-0063,pop,,,,N,Carnal,
music-jamendo-0064,pop,,,,Y,Carnal,
music-jamendo-0067,pop,jazz,,,Y,Carnal,
music-jamendo-0069,pop,,,,Y,Carnal,
music-jamendo-0062,pop,,,,Y,Carnal,
music-jamendo-0066,pop,,,,Y,Carnal,
music-jamendo-0065,pop,,,,Y,Carnal,
music-jamendo-0068,pop,jazz,,,Y,Carnal,
music-jamendo-0031,pop,,,,Y,Backnbloom,
music-jamendo-0033,pop,,,,Y,Backnbloom,
music-jamendo-0035,pop,,,,Y,Backnbloom,
music-jamendo-0037,pop,,,,Y,Backnbloom,
music-jamendo-0032,pop,,,,Y,Backnbloom,
music-jamendo-0034,pop,,,,Y,Backnbloom,
music-jamendo-0036,pop,,,,Y,Backnbloom,
music-jamendo-0038,pop,electronica,,,Y,Backnbloom,
music-jamendo-0180,pop,,,,Y,s_and_y,
music-jamendo-0182,pop,,,,Y,s_and_y,
music-jamendo-0184,pop,,,,Y,s_and_y,
music-jamendo-0186,pop,,,,Y,s_and_y,
music-jamendo-0181,pop,soul,rnb,,Y,s_and_y,
music-jamendo-0183,pop,folk,,,Y,s_and_y,
music-jamendo-0185,pop,soul,rnb,,Y,s_and_y,
music-jamendo-0187,pop,,,,Y,s_and_y,
music-jamendo-0119,pop,rock,soul,,Y,Latasha_Lee,
music-jamendo-0042,electronica,,,,N,Bod,
music-jamendo-0043,electronica,,,,N,Bod,
music-jamendo-0044,electronica,,,,N,Bod,
music-jamendo-0045,electronica,,,,N,Bod,
music-jamendo-0046,electronica,,,,N,Bod,
music-jamendo-0130,pop,,,,Y,MattMigma,
music-jamendo-0132,pop,,,,Y,MattMigma,
music-jamendo-0131,pop,,,,Y,MattMigma,
music-jamendo-0133,pop,,,,Y,MattMigma,
music-jamendo-0199,indierock,rock,,,N,Starfish,
music-jamendo-0201,indierock,,,,N,Starfish,
music-jamendo-0200,indierock,pop,,,N,Starfish,
music-jamendo-0202,indierock,pop,,,N,Starfish,
music-jamendo-0136,country,pop,folk,,Y,Melanie_Ungar,
music-jamendo-0137,country,pop,,,Y,Melanie_Ungar,
music-jamendo-0139,country,pop,,,Y,Melanie_Ungar,
music-jamendo-0141,country,pop,,,Y,Melanie_Ungar,
music-jamendo-0138,country,pop,,,Y,Melanie_Ungar,
music-jamendo-0140,country,pop,,,Y,Melanie_Ungar,
music-jamendo-0128,pop,rock,folk,,Y,Marc_Reeves,
music-jamendo-0129,pop,,,,Y,Marc_Reeves,
music-jamendo-0056,pop,,,,Y,Cantus,
music-jamendo-0057,pop,,,,Y,Cantus,
music-jamendo-0058,pop,,,,Y,Cantus,
music-jamendo-0059,adventure,,,,Y,Cantus,
music-jamendo-0060,adventure,,,,Y,Cantus,
music-jamendo-0124,pop,electronica,,,Y,Lollita,
music-jamendo-0125,pop,,,,Y,Lollita,
music-jamendo-0126,pop,electronica,hiphop,,Y,Lollita,
music-jamendo-0127,pop,hiphop,,,Y,Lollita,
music-jamendo-0142,pop,,,,Y,Mirva,
music-jamendo-0143,pop,rock,,,Y,Mirva,
music-jamendo-0144,pop,,,,Y,Mirva,
music-jamendo-0145,pop,,,,Y,Mirva,
music-jamendo-0146,pop,rock,,,Y,Mirva,
music-jamendo-0109,jazz,adventure,,,N,JPMOUNIER,
music-jamendo-0108,funk,electronica,,,N,JPMOUNIER,
music-jamendo-0039,jazz,pop,soul,,N,Bellanger,
music-jamendo-0041,pop,soul,electronica,,N,Bellanger,
music-jamendo-0040,jazz,pop,funk,,N,Bellanger,
music-jamendo-0154,jazz,,,,N,mounier,
music-jamendo-0155,jazz,,,,N,mounier,
music-jamendo-0156,jazz,electronica,,,N,mounier,
music-jamendo-0157,latin,,,,N,mounier,
music-jamendo-0158,jazz,,,,N,mounier,
music-jamendo-0159,blues,electronica,,,N,mounier,
music-jamendo-0000,jazz,adventure,,,N,AFTER_WORK,
music-jamendo-0002,jazz,adventure,,,N,AFTER_WORK,
music-jamendo-0004,jazz,adventure,,,N,AFTER_WORK,
music-jamendo-0006,jazz,,,,N,AFTER_WORK,
music-jamendo-0008,jazz,,,,N,AFTER_WORK,
music-jamendo-0001,jazz,adventure,,,N,AFTER_WORK,
music-jamendo-0003,jazz,,,,N,AFTER_WORK,
music-jamendo-0005,jazz,adventure,,,N,AFTER_WORK,
music-jamendo-0007,jazz,adventure,,,N,AFTER_WORK,
music-jamendo-0160,blues,funk,,,Y,noam_bonatti,
music-jamendo-0161,funk,blues,jazz,,Y,noam_bonatti,
music-jamendo-0162,blues,,,,Y,noam_bonatti,
music-jamendo-0163,pop,blues,,,Y,noam_bonatti,
music-jamendo-0164,pop,,,,Y,noam_bonatti,
music-jamendo-0192,blues,rock,jazz,,N,Sim_Band,
music-jamendo-0188,blues,rock,jazz,,N,Sim_Band,
music-jamendo-0190,blues,rock,jazz,,N,Sim_Band,
music-jamendo-0191,blues,rock,jazz,,N,Sim_Band,
music-jamendo-0189,blues,rock,jazz,,N,Sim_Band,
music-jamendo-0120,pop,folk,,,Y,Lobo_Loco,
music-jamendo-0121,blues,jazz,adventure,,Y,Lobo_Loco,
music-jamendo-0122,pop,folk,,,Y,Lobo_Loco,
music-jamendo-0123,pop,jazz,latin,,Y,Lobo_Loco,
music-jamendo-0073,country,blues,rock,,Y,Freeky_Cleen,
music-jamendo-0076,blues,indierock,,,Y,Freeky_Cleen,
music-jamendo-0079,blues,rock,,,Y,Freeky_Cleen,
music-jamendo-0074,blues,rock,pop,,Y,Freeky_Cleen,
music-jamendo-0077,blues,rock,country,,Y,Freeky_Cleen,
music-jamendo-0075,blues,rock,rnb,,Y,Freeky_Cleen,
music-jamendo-0078,rock,funk,country,,Y,Freeky_Cleen,
music-jamendo-0203,blues,pop,folk,,Y,The_Down_and_Outs,
music-jamendo-0206,funk,rnb,electronica,,Y,The_Down_and_Outs,
music-jamendo-0209,folk,pop,funk,,Y,The_Down_and_Outs,
music-jamendo-0204,adventure,,,,Y,The_Down_and_Outs,
music-jamendo-0207,pop,funk,adventure,,Y,The_Down_and_Outs,
music-jamendo-0205,funk,rnb,adventure,,N,The_Down_and_Outs,
music-jamendo-0208,adventure,,,,Y,The_Down_and_Outs,
music-jamendo-0165,rap,hiphop,,,Y,N_OR,
music-jamendo-0167,rap,hiphop,,,Y,N_OR,
music-jamendo-0169,rap,hiphop,,,Y,N_OR,
music-jamendo-0171,rap,hiphop,,,Y,N_OR,
music-jamendo-0166,rap,hiphop,,,Y,N_OR,
music-jamendo-0168,rap,hiphop,,,Y,N_OR,
music-jamendo-0170,rap,hiphop,,,Y,N_OR,
music-jamendo-0081,rap,hiphop,,,N,Good_kit,
music-jamendo-0083,rap,hiphop,,,N,Good_kit,
music-jamendo-0085,rap,hiphop,,,N,Good_kit,
music-jamendo-0080,rap,hiphop,,,Y,Good_kit,
music-jamendo-0082,rap,hiphop,,,N,Good_kit,
music-jamendo-0084,rap,hiphop,,,N,Good_kit,
music-jamendo-0086,rap,hiphop,,,N,Good_kit,
music-jamendo-0147,rap,hiphop,rock,electronica,N,Moe2Smoke,
music-jamendo-0149,pop,rap,rock,hiphop,N,Moe2Smoke,
music-jamendo-0151,pop,rap,rock,hiphop,N,Moe2Smoke,
music-jamendo-0153,pop,rap,rock,hiphop,Y,Moe2Smoke,
music-jamendo-0148,pop,rap,rock,hiphop,N,Moe2Smoke,
music-jamendo-0150,pop,rap,rock,hiphop,N,Moe2Smoke,
music-jamendo-0152,pop,rap,rock,hiphop,N,Moe2Smoke,
music-jamendo-0111,hiphop,rap,,,Y,Katrina,
music-jamendo-0112,hiphop,rap,,,Y,Katrina,
music-jamendo-0113,hiphop,rap,,,Y,Katrina,
music-jamendo-0114,hiphop,rap,,,Y,Katrina,
music-jamendo-0115,hiphop,rap,,,Y,Katrina,
music-jamendo-0116,hiphop,rap,,,Y,Katrina,
music-jamendo-0117,hiphop,rap,,,Y,Katrina,
music-jamendo-0118,hiphop,rap,,,Y,Katrina,
music-jamendo-0193,rap,hiphop,,,Y,SRA,
music-jamendo-0195,rap,hiphop,,,Y,SRA,
music-jamendo-0194,rap,hiphop,,,Y,SRA,
music-jamendo-0197,rap,hiphop,,,Y,SRA,
music-jamendo-0196,rap,hiphop,,,Y,SRA,
music-jamendo-0198,rap,hiphop,,,Y,SRA,
music-jamendo-0024,metal,rap,,,N,A_Tragedy,
music-jamendo-0027,metal,rap,,,Y,A_Tragedy,
music-jamendo-0030,metal,rap,,,Y,A_Tragedy,
music-jamendo-0025,metal,rap,,,Y,A_Tragedy,
music-jamendo-0028,metal,rock,,,Y,A_Tragedy,
music-jamendo-0026,metal,rap,,,Y,A_Tragedy,
music-jamendo-0029,metal,rock,,,Y,A_Tragedy,
music-jamendo-0009,rap,metal,,,Y,Airoinsidia,
music-jamendo-0011,rap,metal,,,Y,Airoinsidia,
music-jamendo-0013,rap,metal,,,Y,Airoinsidia,
music-jamendo-0015,rap,metal,,,Y,Airoinsidia,
music-jamendo-0017,rap,metal,,,Y,Airoinsidia,
music-jamendo-0010,rap,metal,,,Y,Airoinsidia,
music-jamendo-0012,rap,metal,,,Y,Airoinsidia,
music-jamendo-0014,rap,metal,,,Y,Airoinsidia,
music-jamendo-0016,rap,metal,,,Y,Airoinsidia,
music-jamendo-0096,rap,metal,,,Y,Ice,
music-jamendo-0100,rap,metal,electronica,,Y,Ice,
music-jamendo-0097,rap,metal,electronica,,Y,Ice,
music-jamendo-0095,rap,metal,electronica,,Y,Ice,
music-jamendo-0098,rap,metal,,,Y,Ice,
music-jamendo-0099,rap,metal,hiphop,,Y,Ice,
music-jamendo-0087,dance,,,,Y,Hasenchat,
music-jamendo-0089,dance,,,,Y,Hasenchat,
music-jamendo-0091,dance,,,,Y,Hasenchat,
music-jamendo-0093,dance,,,,Y,Hasenchat,
music-jamendo-0088,dance,,,,Y,Hasenchat,
music-jamendo-0090,dance,,,,Y,Hasenchat,
music-jamendo-0092,dance,,,,Y,Hasenchat,
music-jamendo-0094,dance,,,,Y,Hasenchat,
music-jamendo-0047,electronica,,,,N,BS,
music-jamendo-0050,electronica,dance,,,N,BS,
music-jamendo-0053,electronica,adventure,,,N,BS,
music-jamendo-0048,electronica,,,,N,BS,
music-jamendo-0051,electronica,dance,,,N,BS,
music-jamendo-0054,electronica,dance,,,N,BS,
music-jamendo-0049,electronica,,,,N,BS,
music-jamendo-0052,electronica,dance,,,N,BS,
music-jamendo-0055,electronica,dance,,,N,BS,
music-jamendo-0172,electronica,,,,N,Outsider,
music-jamendo-0175,electronica,,,,N,Outsider,
music-jamendo-0178,electronica,,,,N,Outsider,
music-jamendo-0173,electronica,,,,N,Outsider,
music-jamendo-0176,electronica,hiphop,,,N,Outsider,
music-jamendo-0179,electronica,,,,N,Outsider,
music-jamendo-0174,electronica,,,,N,Outsider,
music-jamendo-0177,electronica,,,,N,Outsider,
music-rfm-0058,blues,,,,N,Kevin_MacLeod,
music-rfm-0144,blues,,,,N,Kevin_MacLeod,
music-rfm-0089,blues,,,,N,Kevin_MacLeod,
music-rfm-0120,blues,,,,N,Kevin_MacLeod,
music-rfm-0035,blues,,,,N,Kevin_MacLeod,
music-rfm-0032,blues,,,,N,Kevin_MacLeod,
music-rfm-0078,blues,,,,N,Kevin_MacLeod,
music-rfm-0099,blues,,,,N,Kevin_MacLeod,
music-rfm-0001,jazz,,,,N,Kevin_MacLeod,
music-rfm-0004,jazz,,,,N,Kevin_MacLeod,
music-rfm-0006,jazz,,,,N,Kevin_MacLeod,
music-rfm-0008,jazz,,,,N,Kevin_MacLeod,
music-rfm-0009,jazz,,,,N,Kevin_MacLeod,
music-rfm-0022,jazz,,,,N,Kevin_MacLeod,
music-rfm-0024,jazz,,,,N,Kevin_MacLeod,
music-rfm-0025,jazz,,,,N,Kevin_MacLeod,
music-rfm-0026,jazz,,,,N,Kevin_MacLeod,
music-rfm-0031,jazz,,,,N,Kevin_MacLeod,
music-rfm-0036,jazz,,,,N,Kevin_MacLeod,
music-rfm-0045,jazz,,,,N,Kevin_MacLeod,
music-rfm-0049,jazz,,,,N,Kevin_MacLeod,
music-rfm-0051,jazz,,,,N,Kevin_MacLeod,
music-rfm-0054,jazz,,,,N,Kevin_MacLeod,
music-rfm-0056,jazz,,,,N,Kevin_MacLeod,
music-rfm-0062,jazz,,,,N,Kevin_MacLeod,
music-rfm-0069,jazz,,,,N,Kevin_MacLeod,
music-rfm-0074,jazz,,,,N,Kevin_MacLeod,
music-rfm-0075,jazz,,,,N,Kevin_MacLeod,
music-rfm-0080,jazz,,,,N,Kevin_MacLeod,
music-rfm-0090,jazz,,,,N,Kevin_MacLeod,
music-rfm-0092,jazz,,,,N,Kevin_MacLeod,
music-rfm-0093,jazz,,,,N,Kevin_MacLeod,
music-rfm-0112,jazz,,,,N,Kevin_MacLeod,
music-rfm-0118,jazz,,,,N,Kevin_MacLeod,
music-rfm-0128,jazz,,,,N,Kevin_MacLeod,
music-rfm-0137,jazz,,,,N,Kevin_MacLeod,
music-rfm-0139,jazz,,,,N,Kevin_MacLeod,
music-rfm-0140,jazz,,,,N,Kevin_MacLeod,
music-rfm-0000,electronica,,,,N,Kevin_MacLeod,
music-rfm-0003,electronica,,,,N,Kevin_MacLeod,
music-rfm-0005,electronica,,,,N,Kevin_MacLeod,
music-rfm-0007,electronica,,,,N,Kevin_MacLeod,
music-rfm-0013,electronica,,,,N,Kevin_MacLeod,
music-rfm-0014,electronica,,,,N,Kevin_MacLeod,
music-rfm-0017,electronica,,,,N,Kevin_MacLeod,
music-rfm-0018,electronica,,,,N,Kevin_MacLeod,
music-rfm-0019,electronica,,,,N,Kevin_MacLeod,
music-rfm-0020,electronica,,,,N,Kevin_MacLeod,
music-rfm-0029,electronica,,,,N,Kevin_MacLeod,
music-rfm-0027,electronica,,,,N,Kevin_MacLeod,
music-rfm-0028,electronica,,,,N,Kevin_MacLeod,
music-rfm-0030,electronica,,,,N,Kevin_MacLeod,
music-rfm-0034,electronica,,,,N,Kevin_MacLeod,
music-rfm-0037,electronica,,,,N,Kevin_MacLeod,
music-rfm-0038,electronica,,,,N,Kevin_MacLeod,
music-rfm-0041,electronica,,,,N,Kevin_MacLeod,
music-rfm-0040,electronica,,,,N,Kevin_MacLeod,
music-rfm-0044,electronica,,,,N,Kevin_MacLeod,
music-rfm-0047,electronica,,,,N,Kevin_MacLeod,
music-rfm-0050,electronica,,,,N,Kevin_MacLeod,
music-rfm-0052,electronica,,,,N,Kevin_MacLeod,
music-rfm-0057,electronica,,,,N,Kevin_MacLeod,
music-rfm-0059,electronica,,,,N,Kevin_MacLeod,
music-rfm-0060,electronica,,,,N,Kevin_MacLeod,
music-rfm-0064,electronica,,,,N,Kevin_MacLeod,
music-rfm-0065,electronica,,,,N,Kevin_MacLeod,
music-rfm-0066,electronica,,,,N,Kevin_MacLeod,
music-rfm-0067,electronica,,,,N,Kevin_MacLeod,
music-rfm-0068,electronica,,,,N,Kevin_MacLeod,
music-rfm-0071,electronica,,,,N,Kevin_MacLeod,
music-rfm-0072,electronica,,,,N,Kevin_MacLeod,
music-rfm-0073,electronica,,,,N,Kevin_MacLeod,
music-rfm-0076,electronica,,,,N,Kevin_MacLeod,
music-rfm-0085,electronica,,,,N,Kevin_MacLeod,
music-rfm-0079,electronica,,,,N,Kevin_MacLeod,
music-rfm-0081,electronica,,,,N,Kevin_MacLeod,
music-rfm-0084,electronica,,,,N,Kevin_MacLeod,
music-rfm-0088,electronica,,,,N,Kevin_MacLeod,
music-rfm-0091,electronica,,,,N,Kevin_MacLeod,
music-rfm-0094,electronica,,,,N,Kevin_MacLeod,
music-rfm-0095,electronica,,,,N,Kevin_MacLeod,
music-rfm-0096,electronica,,,,N,Kevin_MacLeod,
music-rfm-0098,electronica,,,,N,Kevin_MacLeod,
music-rfm-0100,electronica,,,,N,Kevin_MacLeod,
music-rfm-0102,electronica,,,,N,Kevin_MacLeod,
music-rfm-0105,electronica,,,,N,Kevin_MacLeod,
music-rfm-0107,electronica,,,,N,Kevin_MacLeod,
music-rfm-0109,electronica,,,,N,Kevin_MacLeod,
music-rfm-0114,electronica,,,,N,Kevin_MacLeod,
music-rfm-0115,electronica,,,,N,Kevin_MacLeod,
music-rfm-0116,electronica,,,,N,Kevin_MacLeod,
music-rfm-0117,electronica,,,,N,Kevin_MacLeod,
music-rfm-0119,electronica,,,,N,Kevin_MacLeod,
music-rfm-0122,electronica,,,,N,Kevin_MacLeod,
music-rfm-0123,electronica,,,,N,Kevin_MacLeod,
music-rfm-0125,electronica,,,,N,Kevin_MacLeod,
music-rfm-0126,electronica,,,,N,Kevin_MacLeod,
music-rfm-0132,electronica,,,,N,Kevin_MacLeod,
music-rfm-0131,electronica,,,,N,Kevin_MacLeod,
music-rfm-0133,electronica,,,,N,Kevin_MacLeod,
music-rfm-0134,electronica,,,,N,Kevin_MacLeod,
music-rfm-0135,electronica,,,,N,Kevin_MacLeod,
music-rfm-0138,electronica,,,,N,Kevin_MacLeod,
music-rfm-0141,electronica,,,,N,Kevin_MacLeod,
music-rfm-0145,electronica,,,,N,Kevin_MacLeod,
music-rfm-0002,rock,,,,N,Kevin_MacLeod,
music-rfm-0010,rock,,,,N,Kevin_MacLeod,
music-rfm-0011,rock,,,,N,Kevin_MacLeod,
music-rfm-0012,rock,,,,N,Kevin_MacLeod,
music-rfm-0015,rock,,,,N,Kevin_MacLeod,
music-rfm-0016,rock,,,,N,Kevin_MacLeod,
music-rfm-0021,rock,,,,N,Kevin_MacLeod,
music-rfm-0023,rock,,,,N,Kevin_MacLeod,
music-rfm-0033,rock,,,,N,Kevin_MacLeod,
music-rfm-0039,rock,,,,N,Kevin_MacLeod,
music-rfm-0042,rock,,,,N,Kevin_MacLeod,
music-rfm-0043,rock,,,,N,Kevin_MacLeod,
music-rfm-0046,rock,,,,N,Kevin_MacLeod,
music-rfm-0048,rock,,,,N,Kevin_MacLeod,
music-rfm-0053,rock,,,,N,Kevin_MacLeod,
music-rfm-0055,rock,,,,N,Kevin_MacLeod,
music-rfm-0061,rock,,,,N,Kevin_MacLeod,
music-rfm-0063,rock,,,,N,Kevin_MacLeod,
music-rfm-0070,rock,,,,N,Kevin_MacLeod,
music-rfm-0077,rock,,,,N,Kevin_MacLeod,
music-rfm-0082,rock,,,,N,Kevin_MacLeod,
music-rfm-0083,rock,,,,N,Kevin_MacLeod,
music-rfm-0087,rock,,,,N,Kevin_MacLeod,
music-rfm-0086,rock,,,,N,Kevin_MacLeod,
music-rfm-0097,rock,,,,N,Kevin_MacLeod,
music-rfm-0101,rock,,,,N,Kevin_MacLeod,
music-rfm-0103,rock,,,,N,Kevin_MacLeod,
music-rfm-0104,rock,,,,N,Kevin_MacLeod,
music-rfm-0106,rock,,,,N,Kevin_MacLeod,
music-rfm-0108,rock,,,,N,Kevin_MacLeod,
music-rfm-0111,rock,,,,N,Kevin_MacLeod,
music-rfm-0110,rock,,,,N,Kevin_MacLeod,
music-rfm-0113,rock,,,,N,Kevin_MacLeod,
music-rfm-0121,rock,,,,N,Kevin_MacLeod,
music-rfm-0124,rock,,,,N,Kevin_MacLeod,
music-rfm-0127,rock,,,,N,Kevin_MacLeod,
music-rfm-0129,rock,,,,N,Kevin_MacLeod,
music-rfm-0130,rock,,,,N,Kevin_MacLeod,
music-rfm-0136,rock,,,,N,Kevin_MacLeod,
music-rfm-0142,rock,,,,N,Kevin_MacLeod,
music-rfm-0143,rock,,,,N,Kevin_MacLeod,
music-rfm-0146,rock,,,,N,Kevin_MacLeod,
